Velocity in mph,Drag coefficient
0.058486,0.49965
19.845,0.49878
39.476,0.49704
50.181,0.48225
60.134,0.45004
68.533,0.40914
73.769,0.38042
77.408,0.36562
83.879,0.34822
90.507,0.33081
97.29,0.31427
104.54,0.30035
113.83,0.28816
120.9,0.28381
127.34,0.28033
134.41,0.28207
